Version ID,Class Name,LOC,LOC_touched,Age,Revision number,Fix number,Author Number,LOC_added,MAX_LOC_added,AVG_LOC_added,churn,MAX_churn,Buggyness
1,bookkeeper-benchmark/src/main/java/org/apache/bookkeeper/benchmark/MySqlClient.java,137,333,12,4,0,2,235,137,58.75,139,137,no
1,bookkeeper-benchmark/src/main/java/org/apache/bookkeeper/benchmark/TestClient.java,244,436,12,5,0,2,340,252,68.0,262,252,no
1,bookkeeper-server/src/main/java/org/apache/bookkeeper/bookie/Bookie.java,1026,1466,12,14,0,3,1246,545,89.0,1026,545,yes
1,bookkeeper-server/src/main/java/org/apache/bookkeeper/bookie/BookieException.java,92,150,12,3,0,3,121,81,40.333333333333336,92,81,yes
1,bookkeeper-server/src/main/java/org/apache/bookkeeper/bookie/BufferedChannel.java,180,210,12,4,0,2,195,168,48.75,180,168,no
1,bookkeeper-server/src/main/java/org/apache/bookkeeper/bookie/EntryLogger.java,471,795,12,9,0,3,633,487,70.33333333333333,551,487,yes
1,bookkeeper-server/src/main/java/org/apache/bookkeeper/bookie/FileInfo.java,204,216,12,5,0,3,210,124,42.0,204,124,yes
1,bookkeeper-server/src/main/java/org/apache/bookkeeper/bookie/LedgerCache.java,551,691,12,7,0,3,621,536,88.71428571428571,557,536,yes
1,bookkeeper-server/src/main/java/org/apache/bookkeeper/bookie/LedgerDescriptor.java,149,187,12,5,0,3,168,133,33.6,149,133,yes
1,bookkeeper-server/src/main/java/org/apache/bookkeeper/bookie/LedgerEntryPage.java,157,171,12,3,0,3,164,151,54.666666666666664,157,151,yes
1,bookkeeper-server/src/main/java/org/apache/bookkeeper/bookie/MarkerFileChannel.java,147,147,12,1,0,1,147,147,147.0,147,147,no
1,bookkeeper-server/src/main/java/org/apache/bookkeeper/client/AsyncCallback.java,137,401,12,5,0,3,269,126,53.8,141,126,yes
1,bookkeeper-server/src/main/java/org/apache/bookkeeper/client/BKException.java,271,289,12,4,0,3,280,249,70.0,271,249,no
1,bookkeeper-server/src/main/java/org/apache/bookkeeper/client/BookKeeper.java,548,1532,12,9,0,3,1040,410,115.55555555555556,548,410,yes
1,bookkeeper-server/src/main/java/org/apache/bookkeeper/client/BookKeeperAdmin.java,728,1134,12,6,0,2,931,714,155.16666666666666,882,714,yes
1,bookkeeper-server/src/main/java/org/apache/bookkeeper/client/BookieWatcher.java,205,219,12,4,0,2,212,204,53.0,205,204,yes
1,bookkeeper-server/src/main/java/org/apache/bookkeeper/client/CRC32DigestManager.java,50,56,12,2,0,2,53,50,26.5,50,50,no
1,bookkeeper-server/src/main/java/org/apache/bookkeeper/client/DigestManager.java,185,229,12,5,0,3,207,184,41.4,185,184,yes
1,bookkeeper-server/src/main/java/org/apache/bookkeeper/client/DistributionSchedule.java,61,71,12,3,0,3,66,61,22.0,61,61,yes
1,bookkeeper-server/src/main/java/org/apache/bookkeeper/client/LedgerCreateOp.java,157,263,12,8,0,3,210,167,26.25,181,167,yes
1,bookkeeper-server/src/main/java/org/apache/bookkeeper/client/LedgerDeleteOp.java,81,103,12,4,0,3,92,80,23.0,81,80,no
1,bookkeeper-server/src/main/java/org/apache/bookkeeper/client/LedgerEntry.java,84,182,12,3,0,2,133,83,44.333333333333336,84,83,no
1,bookkeeper-server/src/main/java/org/apache/bookkeeper/client/LedgerHandle.java,762,2162,12,12,0,3,1462,547,121.83333333333333,770,547,yes
1,bookkeeper-server/src/main/java/org/apache/bookkeeper/client/LedgerMetadata.java,248,328,12,7,0,3,288,198,41.142857142857146,252,198,yes
1,bookkeeper-server/src/main/java/org/apache/bookkeeper/client/LedgerOpenOp.java,169,295,12,9,0,3,232,140,25.77777777777778,171,140,no
1,bookkeeper-server/src/main/java/org/apache/bookkeeper/client/LedgerRecoveryOp.java,196,252,12,6,0,3,224,178,37.333333333333336,196,178,yes
1,bookkeeper-server/src/main/java/org/apache/bookkeeper/client/MacDigestManager.java,67,85,12,4,0,3,76,67,19.0,67,67,no
1,bookkeeper-server/src/main/java/org/apache/bookkeeper/client/PendingAddOp.java,165,199,12,4,0,3,182,138,45.5,165,138,yes
1,bookkeeper-server/src/main/java/org/apache/bookkeeper/client/PendingReadOp.java,173,213,12,4,0,3,193,170,48.25,173,170,yes
1,bookkeeper-server/src/main/java/org/apache/bookkeeper/client/ReadLastConfirmedOp.java,103,151,12,6,0,2,127,101,21.166666666666668,107,101,yes
1,bookkeeper-server/src/main/java/org/apache/bookkeeper/client/ReadOnlyLedgerHandle.java,78,78,12,1,0,1,78,78,78.0,78,78,yes
1,bookkeeper-server/src/main/java/org/apache/bookkeeper/client/RoundRobinDistributionSchedule.java,87,89,12,2,0,2,88,87,44.0,87,87,yes
1,bookkeeper-server/src/main/java/org/apache/bookkeeper/client/SyncCounter.java,85,87,12,2,0,2,86,85,43.0,85,85,no
1,bookkeeper-server/src/main/java/org/apache/bookkeeper/conf/AbstractConfiguration.java,105,107,12,2,0,1,106,61,53.0,105,61,yes
1,bookkeeper-server/src/main/java/org/apache/bookkeeper/conf/ClientConfiguration.java,216,232,12,4,0,2,224,216,56.0,216,216,yes
1,bookkeeper-server/src/main/java/org/apache/bookkeeper/conf/ServerConfiguration.java,377,417,12,4,0,2,397,377,99.25,377,377,yes
1,bookkeeper-server/src/main/java/org/apache/bookkeeper/meta/AbstractZkLedgerManager.java,253,257,12,2,0,1,255,251,127.5,253,251,yes
1,bookkeeper-server/src/main/java/org/apache/bookkeeper/meta/FlatLedgerManager.java,193,193,12,1,0,1,193,193,193.0,193,193,yes
1,bookkeeper-server/src/main/java/org/apache/bookkeeper/meta/HierarchicalLedgerManager.java,514,514,12,1,0,1,514,514,514.0,514,514,yes
1,bookkeeper-server/src/main/java/org/apache/bookkeeper/meta/LedgerLayout.java,204,204,12,1,0,1,204,204,204.0,204,204,no
1,bookkeeper-server/src/main/java/org/apache/bookkeeper/meta/LedgerManager.java,144,144,12,1,0,1,144,144,144.0,144,144,yes
1,bookkeeper-server/src/main/java/org/apache/bookkeeper/meta/LedgerManagerFactory.java,98,98,12,1,0,1,98,98,98.0,98,98,no
1,bookkeeper-server/src/main/java/org/apache/bookkeeper/proto/BookieClient.java,181,225,12,7,0,3,203,178,29.0,189,178,yes
1,bookkeeper-server/src/main/java/org/apache/bookkeeper/proto/BookieProtocol.java,154,170,12,4,0,3,162,75,40.5,154,75,yes
1,bookkeeper-server/src/main/java/org/apache/bookkeeper/proto/BookieServer.java,393,585,12,11,0,3,489,209,44.45454545454545,399,209,yes
1,bookkeeper-server/src/main/java/org/apache/bookkeeper/proto/BookkeeperInternalCallbacks.java,132,146,12,3,0,3,139,75,46.333333333333336,132,75,no
1,bookkeeper-server/src/main/java/org/apache/bookkeeper/proto/NIOServerFactory.java,533,579,12,8,0,3,556,521,69.5,535,521,no
1,bookkeeper-server/src/main/java/org/apache/bookkeeper/proto/PerChannelBookieClient.java,603,763,12,9,0,3,683,573,75.88888888888889,607,573,yes
1,bookkeeper-server/src/main/java/org/apache/bookkeeper/proto/ServerStats.java,148,148,12,1,0,1,148,148,148.0,148,148,no
1,bookkeeper-server/src/main/java/org/apache/bookkeeper/streaming/LedgerInputStream.java,174,194,12,3,0,2,184,173,61.333333333333336,174,173,no
1,bookkeeper-server/src/main/java/org/apache/bookkeeper/streaming/LedgerOutputStream.java,148,168,12,3,0,2,158,147,52.666666666666664,148,147,no
1,bookkeeper-server/src/main/java/org/apache/bookkeeper/tools/BookKeeperTools.java,92,1576,12,6,0,3,834,763,139.0,1442,763,no
1,bookkeeper-server/src/main/java/org/apache/bookkeeper/util/LocalBookKeeper.java,234,642,12,6,0,3,438,209,73.0,234,209,yes
1,bookkeeper-server/src/main/java/org/apache/bookkeeper/util/Main.java,54,64,12,3,0,3,59,54,19.666666666666668,54,54,no
1,bookkeeper-server/src/main/java/org/apache/bookkeeper/util/MathUtils.java,38,48,12,2,0,2,43,38,21.5,38,38,no
1,bookkeeper-server/src/main/java/org/apache/bookkeeper/util/OrderedSafeExecutor.java,98,106,12,2,0,2,102,98,51.0,98,98,no
1,bookkeeper-server/src/main/java/org/apache/bookkeeper/util/SafeRunnable.java,39,59,12,3,0,2,49,38,16.333333333333332,39,38,no
1,bookkeeper-server/src/main/java/org/apache/bookkeeper/util/StringUtils.java,69,127,12,3,0,3,98,94,32.666666666666664,119,94,no
1,bookkeeper-server/src/main/java/org/apache/bookkeeper/util/ZkUtils.java,94,94,12,1,0,1,94,94,94.0,94,94,no
1,hedwig-client/src/main/java/org/apache/hedwig/client/HedwigClient.java,72,72,12,1,0,1,72,72,72.0,72,72,no
1,hedwig-client/src/main/java/org/apache/hedwig/client/api/Client.java,42,42,12,1,0,1,42,42,42.0,42,42,no
1,hedwig-client/src/main/java/org/apache/hedwig/client/api/MessageHandler.java,48,64,12,3,0,2,56,48,18.666666666666668,48,48,no
1,hedwig-client/src/main/java/org/apache/hedwig/client/api/Publisher.java,63,71,12,2,0,2,67,63,33.5,63,63,no
1,hedwig-client/src/main/java/org/apache/hedwig/client/api/Subscriber.java,237,277,12,2,0,2,257,237,128.5,237,237,no
1,hedwig-client/src/main/java/org/apache/hedwig/client/benchmark/BenchmarkPublisher.java,133,145,12,3,0,2,139,133,46.333333333333336,133,133,no
1,hedwig-client/src/main/java/org/apache/hedwig/client/benchmark/BenchmarkSubscriber.java,137,163,12,4,0,2,150,136,37.5,137,136,no
1,hedwig-client/src/main/java/org/apache/hedwig/client/benchmark/BenchmarkUtils.java,177,185,12,3,0,2,181,176,60.333333333333336,177,176,no
1,hedwig-client/src/main/java/org/apache/hedwig/client/benchmark/BenchmarkWorker.java,46,48,12,2,0,2,47,46,23.5,46,46,no
1,hedwig-client/src/main/java/org/apache/hedwig/client/benchmark/HedwigBenchmark.java,128,146,12,5,0,3,137,127,27.4,128,127,no
1,hedwig-client/src/main/java/org/apache/hedwig/client/conf/ClientConfiguration.java,149,155,12,3,0,2,152,148,50.666666666666664,149,148,no
1,hedwig-client/src/main/java/org/apache/hedwig/client/data/MessageConsumeData.java,58,60,12,2,0,2,59,58,29.5,58,58,no
1,hedwig-client/src/main/java/org/apache/hedwig/client/data/PubSubData.java,149,155,12,2,0,2,152,149,76.0,149,149,no
1,hedwig-client/src/main/java/org/apache/hedwig/client/data/TopicSubscriber.java,74,82,12,2,0,2,78,74,39.0,74,74,no
1,hedwig-client/src/main/java/org/apache/hedwig/client/exceptions/InvalidSubscriberIdException.java,37,37,12,1,0,1,37,37,37.0,37,37,no
1,hedwig-client/src/main/java/org/apache/hedwig/client/exceptions/ServerRedirectLoopException.java,38,42,12,2,0,2,40,38,20.0,38,38,no
1,hedwig-client/src/main/java/org/apache/hedwig/client/exceptions/TooManyServerRedirectsException.java,39,41,12,2,0,2,40,39,20.0,39,39,no
1,hedwig-client/src/main/java/org/apache/hedwig/client/handlers/MessageConsumeCallback.java,96,118,12,4,0,2,107,95,26.75,96,95,no
1,hedwig-client/src/main/java/org/apache/hedwig/client/handlers/PubSubCallback.java,88,94,12,3,0,2,91,87,30.333333333333332,88,87,no
1,hedwig-client/src/main/java/org/apache/hedwig/client/handlers/PublishResponseHandler.java,71,85,12,4,0,2,78,70,19.5,71,70,no
1,hedwig-client/src/main/java/org/apache/hedwig/client/handlers/SubscribeReconnectCallback.java,114,132,12,4,0,2,123,113,30.75,114,113,no
1,hedwig-client/src/main/java/org/apache/hedwig/client/handlers/SubscribeResponseHandler.java,336,492,12,6,0,3,414,329,69.0,336,329,no
1,hedwig-client/src/main/java/org/apache/hedwig/client/handlers/UnsubscribeResponseHandler.java,84,102,12,4,0,2,93,83,23.25,84,83,no
1,hedwig-client/src/main/java/org/apache/hedwig/client/netty/ClientChannelPipelineFactory.java,58,68,12,3,0,2,63,58,21.0,58,58,no
1,hedwig-client/src/main/java/org/apache/hedwig/client/netty/ConnectCallback.java,123,137,12,4,0,2,130,122,32.5,123,122,yes
1,hedwig-client/src/main/java/org/apache/hedwig/client/netty/HedwigClientImpl.java,369,369,12,1,0,1,369,369,369.0,369,369,yes
1,hedwig-client/src/main/java/org/apache/hedwig/client/netty/HedwigPublisher.java,231,255,12,5,0,2,243,224,48.6,231,224,yes
1,hedwig-client/src/main/java/org/apache/hedwig/client/netty/HedwigSubscriber.java,586,704,12,4,0,2,645,585,161.25,586,585,yes
1,hedwig-client/src/main/java/org/apache/hedwig/client/netty/ResponseHandler.java,366,414,12,5,0,2,390,365,78.0,366,365,no
1,hedwig-client/src/main/java/org/apache/hedwig/client/netty/WriteCallback.java,99,117,12,4,0,2,108,98,27.0,99,98,yes
1,hedwig-client/src/main/java/org/apache/hedwig/client/ssl/SslClientContextFactory.java,41,41,12,1,0,1,41,41,41.0,41,41,no
1,hedwig-client/src/main/java/org/apache/hedwig/client/ssl/SslContextFactory.java,66,92,12,2,0,2,79,65,39.5,66,65,no
1,hedwig-client/src/main/java/org/apache/hedwig/conf/AbstractConfiguration.java,54,56,12,3,0,3,55,45,18.333333333333332,54,45,no
1,hedwig-client/src/main/java/org/apache/hedwig/util/Callback.java,47,55,12,2,0,2,51,47,25.5,47,47,no
1,hedwig-client/src/main/java/org/apache/hedwig/util/CallbackUtils.java,183,223,12,4,0,3,203,185,50.75,187,185,no
1,hedwig-client/src/main/java/org/apache/hedwig/util/ConcurrencyUtils.java,49,49,12,1,0,1,49,49,49.0,49,49,no
1,hedwig-client/src/main/java/org/apache/hedwig/util/Either.java,50,50,12,1,0,1,50,50,50.0,50,50,no
1,hedwig-client/src/main/java/org/apache/hedwig/util/FileUtils.java,98,102,12,2,0,2,100,97,50.0,98,97,no
1,hedwig-client/src/main/java/org/apache/hedwig/util/HedwigSocketAddress.java,138,138,12,1,0,1,138,138,138.0,138,138,no
1,hedwig-client/src/main/java/org/apache/hedwig/util/Option.java,43,43,12,1,0,1,43,43,43.0,43,43,no
1,hedwig-client/src/main/java/org/apache/hedwig/util/Pair.java,42,42,12,1,0,1,42,42,42.0,42,42,no
1,hedwig-client/src/main/java/org/apache/hedwig/util/PathUtils.java,56,56,12,1,0,1,56,56,56.0,56,56,no
1,hedwig-protocol/src/main/java/org/apache/hedwig/exceptions/PubSubException.java,162,164,12,2,0,2,163,162,81.5,162,162,no
1,hedwig-protocol/src/main/java/org/apache/hedwig/protocol/PubSubProtocol.java,6367,18077,12,2,0,2,12222,6127,6111.0,6367,6095,no
1,hedwig-protocol/src/main/java/org/apache/hedwig/protoextensions/MessageIdUtils.java,153,157,12,2,0,2,155,153,77.5,153,153,no
1,hedwig-protocol/src/main/java/org/apache/hedwig/protoextensions/PubSubResponseUtils.java,43,43,12,1,0,1,43,43,43.0,43,43,no
1,hedwig-protocol/src/main/java/org/apache/hedwig/protoextensions/SubscriptionStateUtils.java,41,43,12,2,0,2,42,41,21.0,41,41,no
1,hedwig-server/src/main/java/org/apache/hedwig/server/benchmark/AbstractBenchmark.java,105,205,12,3,0,2,155,104,51.666666666666664,105,104,no
1,hedwig-server/src/main/java/org/apache/hedwig/server/benchmark/BookieBenchmark.java,105,191,12,5,0,3,148,103,29.6,105,103,no
1,hedwig-server/src/main/java/org/apache/hedwig/server/benchmark/BookkeeperBenchmark.java,92,160,12,4,0,3,126,91,31.5,92,91,no
1,hedwig-server/src/main/java/org/apache/hedwig/server/benchmark/FakeBookie.java,101,201,12,3,0,2,151,100,50.333333333333336,101,100,no
1,hedwig-server/src/main/java/org/apache/hedwig/server/common/ByteStringInterner.java,45,45,12,1,0,1,45,45,45.0,45,45,no
1,hedwig-server/src/main/java/org/apache/hedwig/server/common/ServerConfiguration.java,289,291,12,2,0,2,290,289,145.0,289,289,no
1,hedwig-server/src/main/java/org/apache/hedwig/server/common/TerminateJVMExceptionHandler.java,32,38,12,2,0,2,35,31,17.5,32,31,no
1,hedwig-server/src/main/java/org/apache/hedwig/server/common/TopicOpQueuer.java,111,111,12,1,0,1,111,111,111.0,111,111,no
1,hedwig-server/src/main/java/org/apache/hedwig/server/common/UnexpectedError.java,35,37,12,2,0,2,36,35,18.0,35,35,no
1,hedwig-server/src/main/java/org/apache/hedwig/server/delivery/ChannelEndPoint.java,81,81,12,1,0,1,81,81,81.0,81,81,no
1,hedwig-server/src/main/java/org/apache/hedwig/server/delivery/DeliveryCallback.java,27,27,12,1,0,1,27,27,27.0,27,27,no
1,hedwig-server/src/main/java/org/apache/hedwig/server/delivery/DeliveryEndPoint.java,28,28,12,1,0,1,28,28,28.0,28,28,no
1,hedwig-server/src/main/java/org/apache/hedwig/server/delivery/DeliveryManager.java,29,31,12,2,0,2,30,29,15.0,29,29,no
1,hedwig-server/src/main/java/org/apache/hedwig/server/delivery/FIFODeliveryManager.java,566,634,12,4,0,3,600,561,150.0,566,561,no
1,hedwig-server/src/main/java/org/apache/hedwig/server/handlers/BaseHandler.java,64,96,12,2,0,2,80,64,40.0,64,64,no
1,hedwig-server/src/main/java/org/apache/hedwig/server/handlers/ChannelDisconnectListener.java,29,31,12,2,0,2,30,29,15.0,29,29,no
1,hedwig-server/src/main/java/org/apache/hedwig/server/handlers/ConsumeHandler.java,64,66,12,2,0,2,65,64,32.5,64,64,no
1,hedwig-server/src/main/java/org/apache/hedwig/server/handlers/Handler.java,37,43,12,2,0,2,40,37,20.0,37,37,no
1,hedwig-server/src/main/java/org/apache/hedwig/server/handlers/PublishHandler.java,68,90,12,2,0,2,79,68,39.5,68,68,no
1,hedwig-server/src/main/java/org/apache/hedwig/server/handlers/SubscribeHandler.java,154,176,12,3,0,2,165,153,55.0,154,153,no
1,hedwig-server/src/main/java/org/apache/hedwig/server/handlers/UnsubscribeHandler.java,72,74,12,2,0,2,73,72,36.5,72,72,no
1,hedwig-server/src/main/java/org/apache/hedwig/server/netty/PubSubServer.java,385,415,12,6,0,3,400,364,66.66666666666667,385,364,no
1,hedwig-server/src/main/java/org/apache/hedwig/server/netty/PubSubServerPipelineFactory.java,76,80,12,2,0,2,78,76,39.0,76,76,no
1,hedwig-server/src/main/java/org/apache/hedwig/server/netty/UmbrellaHandler.java,159,167,12,3,0,2,163,158,54.333333333333336,159,158,no
1,hedwig-server/src/main/java/org/apache/hedwig/server/persistence/BookkeeperPersistenceManager.java,737,1035,12,3,0,2,886,736,295.3333333333333,737,736,no
1,hedwig-server/src/main/java/org/apache/hedwig/server/persistence/CacheKey.java,74,78,12,2,0,2,76,74,38.0,74,74,no
1,hedwig-server/src/main/java/org/apache/hedwig/server/persistence/CacheValue.java,94,100,12,3,0,2,97,93,32.333333333333336,94,93,no
1,hedwig-server/src/main/java/org/apache/hedwig/server/persistence/Factory.java,22,22,12,1,0,1,22,22,22.0,22,22,no
1,hedwig-server/src/main/java/org/apache/hedwig/server/persistence/LocalDBPersistenceManager.java,427,451,12,3,0,2,439,426,146.33333333333334,427,426,no
1,hedwig-server/src/main/java/org/apache/hedwig/server/persistence/MapMethods.java,62,62,12,1,0,1,62,62,62.0,62,62,no
1,hedwig-server/src/main/java/org/apache/hedwig/server/persistence/PersistRequest.java,58,60,12,2,0,2,59,58,29.5,58,58,no
1,hedwig-server/src/main/java/org/apache/hedwig/server/persistence/PersistenceManager.java,91,101,12,2,0,2,96,91,48.0,91,91,no
1,hedwig-server/src/main/java/org/apache/hedwig/server/persistence/PersistenceManagerWithRangeScan.java,27,29,12,2,0,2,28,27,14.0,27,27,no
1,hedwig-server/src/main/java/org/apache/hedwig/server/persistence/RangeScanRequest.java,77,81,12,2,0,2,79,77,39.5,77,77,no
1,hedwig-server/src/main/java/org/apache/hedwig/server/persistence/ReadAheadCache.java,704,780,12,3,0,2,742,703,247.33333333333334,704,703,no
1,hedwig-server/src/main/java/org/apache/hedwig/server/persistence/ScanCallback.java,63,71,12,2,0,2,67,63,33.5,63,63,no
1,hedwig-server/src/main/java/org/apache/hedwig/server/persistence/ScanCallbackWithContext.java,37,37,12,1,0,1,37,37,37.0,37,37,no
1,hedwig-server/src/main/java/org/apache/hedwig/server/persistence/ScanRequest.java,64,66,12,2,0,2,65,64,32.5,64,64,no
1,hedwig-server/src/main/java/org/apache/hedwig/server/proxy/ChannelTracker.java,124,130,12,2,0,2,127,124,63.5,124,124,no
1,hedwig-server/src/main/java/org/apache/hedwig/server/proxy/HedwigProxy.java,160,174,12,4,0,2,167,159,41.75,160,159,no
1,hedwig-server/src/main/java/org/apache/hedwig/server/proxy/ProxyConfiguration.java,36,46,12,2,0,2,41,36,20.5,36,36,no
1,hedwig-server/src/main/java/org/apache/hedwig/server/proxy/ProxyConsumeHandler.java,58,62,12,2,0,2,60,57,30.0,58,57,no
1,hedwig-server/src/main/java/org/apache/hedwig/server/proxy/ProxyPublishHander.java,62,62,12,1,0,1,62,62,62.0,62,62,no
1,hedwig-server/src/main/java/org/apache/hedwig/server/proxy/ProxyStartDeliveryHandler.java,130,154,12,4,0,2,142,129,35.5,130,129,no
1,hedwig-server/src/main/java/org/apache/hedwig/server/proxy/ProxyStopDeliveryHandler.java,74,78,12,2,0,2,76,73,38.0,74,73,no
1,hedwig-server/src/main/java/org/apache/hedwig/server/proxy/ProxySubscribeHandler.java,83,89,12,3,0,2,86,82,28.666666666666668,83,82,no
1,hedwig-server/src/main/java/org/apache/hedwig/server/proxy/ProxyUnsubscribeHandler.java,74,74,12,1,0,1,74,74,74.0,74,74,no
1,hedwig-server/src/main/java/org/apache/hedwig/server/regions/HedwigHubClient.java,48,52,12,2,0,2,50,48,25.0,48,48,no
1,hedwig-server/src/main/java/org/apache/hedwig/server/regions/HedwigHubClientFactory.java,60,62,12,2,0,2,61,60,30.5,60,60,no
1,hedwig-server/src/main/java/org/apache/hedwig/server/regions/HedwigHubSubscriber.java,70,82,12,3,0,2,76,70,25.333333333333332,70,70,no
1,hedwig-server/src/main/java/org/apache/hedwig/server/regions/RegionManager.java,183,221,12,4,0,2,202,180,50.5,183,180,no
1,hedwig-server/src/main/java/org/apache/hedwig/server/ssl/SslServerContextFactory.java,53,53,12,1,0,1,53,53,53.0,53,53,no
1,hedwig-server/src/main/java/org/apache/hedwig/server/subscriptions/AbstractSubscriptionManager.java,452,492,12,4,0,2,472,450,118.0,452,450,no
1,hedwig-server/src/main/java/org/apache/hedwig/server/subscriptions/AllToAllTopologyFilter.java,39,39,12,1,0,1,39,39,39.0,39,39,no
1,hedwig-server/src/main/java/org/apache/hedwig/server/subscriptions/InMemorySubscriptionManager.java,78,86,12,2,0,2,82,78,41.0,78,78,no
1,hedwig-server/src/main/java/org/apache/hedwig/server/subscriptions/InMemorySubscriptionState.java,64,66,12,2,0,2,65,64,32.5,64,64,no
1,hedwig-server/src/main/java/org/apache/hedwig/server/subscriptions/MessageFilter.java,31,33,12,2,0,2,32,31,16.0,31,31,no
1,hedwig-server/src/main/java/org/apache/hedwig/server/subscriptions/SubscriptionEventListener.java,57,65,12,2,0,2,61,57,30.5,57,57,no
1,hedwig-server/src/main/java/org/apache/hedwig/server/subscriptions/SubscriptionManager.java,104,118,12,2,0,2,111,104,55.5,104,104,no
1,hedwig-server/src/main/java/org/apache/hedwig/server/subscriptions/TrueFilter.java,32,32,12,1,0,1,32,32,32.0,32,32,no
1,hedwig-server/src/main/java/org/apache/hedwig/server/subscriptions/ZkSubscriptionManager.java,227,331,12,3,0,2,279,226,93.0,227,226,no
1,hedwig-server/src/main/java/org/apache/hedwig/server/topics/AbstractTopicManager.java,197,219,12,4,0,3,208,187,52.0,197,187,no
1,hedwig-server/src/main/java/org/apache/hedwig/server/topics/TopicManager.java,75,87,12,2,0,2,81,75,40.5,75,75,no
1,hedwig-server/src/main/java/org/apache/hedwig/server/topics/TopicOwnershipChangeListener.java,28,28,12,1,0,1,28,28,28.0,28,28,no
1,hedwig-server/src/main/java/org/apache/hedwig/server/topics/TrivialOwnAllTopicManager.java,52,56,12,2,0,2,54,52,27.0,52,52,no
1,hedwig-server/src/main/java/org/apache/hedwig/server/topics/ZkTopicManager.java,429,583,12,3,0,2,506,428,168.66666666666666,429,428,no
1,hedwig-server/src/main/java/org/apache/hedwig/zookeeper/SafeAsynBKCallback.java,103,164,12,2,0,2,134,104,67.0,104,104,no
1,hedwig-server/src/main/java/org/apache/hedwig/zookeeper/SafeAsyncCallback.java,35,35,12,1,0,1,35,35,35.0,35,35,no
1,hedwig-server/src/main/java/org/apache/hedwig/zookeeper/SafeAsyncZKCallback.java,98,100,12,2,0,2,99,98,49.5,98,98,no
1,hedwig-server/src/main/java/org/apache/hedwig/zookeeper/ZkUtils.java,79,109,12,3,0,2,94,78,31.333333333333332,79,78,no
1,hedwig-client/src/main/java/org/apache/hedwig/client/netty/HedwigClient.java,360,380,12,3,0,2,370,359,123.33333333333333,360,359,no
1,bookkeeper/src/main/java/org/apache/bookkeeper/bookie/Bookie.java,545,545,12,1,0,1,545,545,545.0,545,545,no
1,bookkeeper/src/main/java/org/apache/bookkeeper/bookie/BookieException.java,81,81,12,1,0,1,81,81,81.0,81,81,no
1,bookkeeper/src/main/java/org/apache/bookkeeper/bookie/BufferedChannel.java,168,168,12,1,0,1,168,168,168.0,168,168,no
1,bookkeeper/src/main/java/org/apache/bookkeeper/bookie/EntryLogger.java,487,487,12,1,0,1,487,487,487.0,487,487,no
1,bookkeeper/src/main/java/org/apache/bookkeeper/bookie/FileInfo.java,124,124,12,1,0,1,124,124,124.0,124,124,no
1,bookkeeper/src/main/java/org/apache/bookkeeper/bookie/LedgerCache.java,536,536,12,1,0,1,536,536,536.0,536,536,no
1,bookkeeper/src/main/java/org/apache/bookkeeper/bookie/LedgerDescriptor.java,133,133,12,1,0,1,133,133,133.0,133,133,no
1,bookkeeper/src/main/java/org/apache/bookkeeper/bookie/LedgerEntryPage.java,151,151,12,1,0,1,151,151,151.0,151,151,no
1,bookkeeper/src/main/java/org/apache/bookkeeper/bookie/MarkerFileChannel.java,147,147,12,1,0,1,147,147,147.0,147,147,no
1,bookkeeper/src/main/java/org/apache/bookkeeper/client/AsyncCallback.java,126,126,12,1,0,1,126,126,126.0,126,126,no
1,bookkeeper/src/main/java/org/apache/bookkeeper/client/BKException.java,249,249,12,1,0,1,249,249,249.0,249,249,no
1,bookkeeper/src/main/java/org/apache/bookkeeper/client/BookKeeper.java,410,410,12,1,0,1,410,410,410.0,410,410,no
1,bookkeeper/src/main/java/org/apache/bookkeeper/client/BookieWatcher.java,204,204,12,1,0,1,204,204,204.0,204,204,no
1,bookkeeper/src/main/java/org/apache/bookkeeper/client/CRC32DigestManager.java,50,50,12,1,0,1,50,50,50.0,50,50,no
1,bookkeeper/src/main/java/org/apache/bookkeeper/client/DigestManager.java,184,184,12,1,0,1,184,184,184.0,184,184,no
1,bookkeeper/src/main/java/org/apache/bookkeeper/client/DistributionSchedule.java,61,61,12,1,0,1,61,61,61.0,61,61,no
1,bookkeeper/src/main/java/org/apache/bookkeeper/client/LedgerCreateOp.java,167,167,12,1,0,1,167,167,167.0,167,167,no
1,bookkeeper/src/main/java/org/apache/bookkeeper/client/LedgerDeleteOp.java,80,80,12,1,0,1,80,80,80.0,80,80,no
1,bookkeeper/src/main/java/org/apache/bookkeeper/client/LedgerEntry.java,83,83,12,1,0,1,83,83,83.0,83,83,no
1,bookkeeper/src/main/java/org/apache/bookkeeper/client/LedgerHandle.java,547,547,12,1,0,1,547,547,547.0,547,547,no
1,bookkeeper/src/main/java/org/apache/bookkeeper/client/LedgerMetadata.java,198,198,12,1,0,1,198,198,198.0,198,198,no
1,bookkeeper/src/main/java/org/apache/bookkeeper/client/LedgerOpenOp.java,140,140,12,1,0,1,140,140,140.0,140,140,no
1,bookkeeper/src/main/java/org/apache/bookkeeper/client/LedgerRecoveryOp.java,178,178,12,1,0,1,178,178,178.0,178,178,no
1,bookkeeper/src/main/java/org/apache/bookkeeper/client/MacDigestManager.java,67,67,12,1,0,1,67,67,67.0,67,67,no
1,bookkeeper/src/main/java/org/apache/bookkeeper/client/PendingAddOp.java,138,138,12,1,0,1,138,138,138.0,138,138,no
1,bookkeeper/src/main/java/org/apache/bookkeeper/client/PendingReadOp.java,170,170,12,1,0,1,170,170,170.0,170,170,no
1,bookkeeper/src/main/java/org/apache/bookkeeper/client/RoundRobinDistributionSchedule.java,87,87,12,1,0,1,87,87,87.0,87,87,no
1,bookkeeper/src/main/java/org/apache/bookkeeper/client/SyncCounter.java,85,85,12,1,0,1,85,85,85.0,85,85,no
1,bookkeeper/src/main/java/org/apache/bookkeeper/proto/BookieClient.java,178,178,12,1,0,1,178,178,178.0,178,178,no
1,bookkeeper/src/main/java/org/apache/bookkeeper/proto/BookieProtocol.java,75,75,12,1,0,1,75,75,75.0,75,75,no
1,bookkeeper/src/main/java/org/apache/bookkeeper/proto/BookieServer.java,209,209,12,1,0,1,209,209,209.0,209,209,no
1,bookkeeper/src/main/java/org/apache/bookkeeper/proto/BookkeeperInternalCallbacks.java,57,57,12,1,0,1,57,57,57.0,57,57,no
1,bookkeeper/src/main/java/org/apache/bookkeeper/proto/NIOServerFactory.java,521,521,12,1,0,1,521,521,521.0,521,521,no
1,bookkeeper/src/main/java/org/apache/bookkeeper/proto/PerChannelBookieClient.java,573,573,12,1,0,1,573,573,573.0,573,573,no
1,bookkeeper/src/main/java/org/apache/bookkeeper/proto/ServerStats.java,148,148,12,1,0,1,148,148,148.0,148,148,no
1,bookkeeper/src/main/java/org/apache/bookkeeper/streaming/LedgerInputStream.java,173,173,12,1,0,1,173,173,173.0,173,173,no
1,bookkeeper/src/main/java/org/apache/bookkeeper/streaming/LedgerOutputStream.java,147,147,12,1,0,1,147,147,147.0,147,147,no
1,bookkeeper/src/main/java/org/apache/bookkeeper/tools/BookKeeperTools.java,763,763,12,1,0,1,763,763,763.0,763,763,no
1,bookkeeper/src/main/java/org/apache/bookkeeper/util/LocalBookKeeper.java,209,209,12,1,0,1,209,209,209.0,209,209,no
1,bookkeeper/src/main/java/org/apache/bookkeeper/util/Main.java,54,54,12,1,0,1,54,54,54.0,54,54,no
1,bookkeeper/src/main/java/org/apache/bookkeeper/util/MathUtils.java,38,38,12,1,0,1,38,38,38.0,38,38,no
1,bookkeeper/src/main/java/org/apache/bookkeeper/util/OrderedSafeExecutor.java,98,98,12,1,0,1,98,98,98.0,98,98,no
1,bookkeeper/src/main/java/org/apache/bookkeeper/util/SafeRunnable.java,38,38,12,1,0,1,38,38,38.0,38,38,no
1,bookkeeper/src/main/java/org/apache/bookkeeper/util/StringUtils.java,94,94,12,1,0,1,94,94,94.0,94,94,no
2,bookkeeper-benchmark/src/main/java/org/apache/bookkeeper/benchmark/BenchBookie.java,215,239,12,3,1,1,227,177,75.66666666666667,215,177,no
2,bookkeeper-benchmark/src/main/java/org/apache/bookkeeper/benchmark/BenchReadThroughputLatency.java,271,297,12,2,0,1,284,260,142.0,271,260,no
2,bookkeeper-benchmark/src/main/java/org/apache/bookkeeper/benchmark/BenchThroughputLatency.java,451,617,12,5,0,3,534,425,106.8,459,425,no
2,bookkeeper-benchmark/src/main/java/org/apache/bookkeeper/benchmark/MySqlClient.java,137,0,12,0,0,0,0,0,0.0,0,0,no
2,bookkeeper-benchmark/src/main/java/org/apache/bookkeeper/benchmark/TestClient.java,368,486,12,2,0,2,305,294,152.5,124,123,no
2,bookkeeper-server/src/main/java/org/apache/bookkeeper/bookie/Bookie.java,764,1422,12,20,7,3,580,106,29.0,612,327,no
2,bookkeeper-server/src/main/java/org/apache/bookkeeper/bookie/BookieBean.java,51,55,12,2,0,2,53,52,26.5,53,52,no
2,bookkeeper-server/src/main/java/org/apache/bookkeeper/bookie/BookieException.java,150,68,12,2,1,2,63,58,31.5,58,53,no
2,bookkeeper-server/src/main/java/org/apache/bookkeeper/bookie/BookieMXBean.java,31,35,12,2,0,2,33,33,16.5,35,33,no
2,bookkeeper-server/src/main/java/org/apache/bookkeeper/bookie/BufferedChannel.java,180,0,12,0,0,0,0,0,0.0,0,0,no
2,bookkeeper-server/src/main/java/org/apache/bookkeeper/bookie/Cookie.java,196,208,12,2,1,1,202,195,101.0,196,195,no
2,bookkeeper-server/src/main/java/org/apache/bookkeeper/bookie/EntryLogger.java,473,748,12,12,5,3,375,253,31.25,282,129,no
2,bookkeeper-server/src/main/java/org/apache/bookkeeper/bookie/ExitCode.java,40,40,12,1,1,1,40,40,40.0,40,40,no
2,bookkeeper-server/src/main/java/org/apache/bookkeeper/bookie/FileInfo.java,255,209,12,4,2,1,130,79,32.5,51,20,no
2,bookkeeper-server/src/main/java/org/apache/bookkeeper/bookie/FileSystemUpgrade.java,379,423,12,4,1,3,401,228,100.25,379,211,no
2,bookkeeper-server/src/main/java/org/apache/bookkeeper/bookie/GarbageCollectorThread.java,509,581,12,7,1,3,545,378,77.85714285714286,541,378,no
2,bookkeeper-server/src/main/java/org/apache/bookkeeper/bookie/HandleFactory.java,32,32,12,1,0,1,32,32,32.0,32,32,no
2,bookkeeper-server/src/main/java/org/apache/bookkeeper/bookie/HandleFactoryImpl.java,66,82,12,2,0,1,74,69,37.0,72,69,no
2,bookkeeper-server/src/main/java/org/apache/bookkeeper/bookie/InterleavedLedgerStorage.java,187,235,12,4,2,2,211,183,52.75,191,183,no
2,bookkeeper-server/src/main/java/org/apache/bookkeeper/bookie/Journal.java,576,602,12,3,0,2,589,550,196.33333333333334,576,550,no
2,bookkeeper-server/src/main/java/org/apache/bookkeeper/bookie/JournalChannel.java,158,164,12,3,0,1,161,157,53.666666666666664,158,157,no
2,bookkeeper-server/src/main/java/org/apache/bookkeeper/bookie/LedgerCache.java,46,761,12,8,2,2,128,92,16.0,579,531,no
2,bookkeeper-server/src/main/java/org/apache/bookkeeper/bookie/LedgerCacheBean.java,27,133,12,2,0,1,80,79,40.0,131,79,no
2,bookkeeper-server/src/main/java/org/apache/bookkeeper/bookie/LedgerCacheImpl.java,788,896,12,7,4,3,842,712,120.28571428571429,788,712,no
2,bookkeeper-server/src/main/java/org/apache/bookkeeper/bookie/LedgerCacheMXBean.java,60,60,12,1,0,1,60,60,60.0,60,60,no
2,bookkeeper-server/src/main/java/org/apache/bookkeeper/bookie/LedgerDescriptor.java,62,235,12,5,1,1,74,36,14.8,159,88,no
2,bookkeeper-server/src/main/java/org/apache/bookkeeper/bookie/LedgerDescriptorImpl.java,88,148,12,2,0,1,118,113,59.0,138,113,no
2,bookkeeper-server/src/main/java/org/apache/bookkeeper/bookie/LedgerDescriptorReadOnlyImpl.java,52,58,12,2,0,1,55,53,27.5,54,53,no
2,bookkeeper-server/src/main/java/org/apache/bookkeeper/bookie/LedgerEntryPage.java,163,12,12,2,1,2,9,6,4.5,6,4,no
2,bookkeeper-server/src/main/java/org/apache/bookkeeper/bookie/LedgerStorage.java,91,91,12,1,0,1,91,91,91.0,91,91,no
2,bookkeeper-server/src/main/java/org/apache/bookkeeper/bookie/MarkerFileChannel.java,147,0,12,0,0,0,0,0,0.0,0,0,no
2,bookkeeper-server/src/main/java/org/apache/bookkeeper/client/AsyncCallback.java,139,22,12,1,1,1,12,12,12.0,2,2,no
2,bookkeeper-server/src/main/java/org/apache/bookkeeper/client/BKException.java,282,11,12,1,0,1,11,11,11.0,11,11,no
2,bookkeeper-server/src/main/java/org/apache/bookkeeper/client/BookKeeper.java,582,270,12,6,3,3,152,106,25.333333333333332,116,68,no
2,bookkeeper-server/src/main/java/org/apache/bookkeeper/client/BookKeeperAdmin.java,800,110,12,4,1,2,91,73,22.75,72,62,no
2,bookkeeper-server/src/main/java/org/apache/bookkeeper/client/BookieWatcher.java,216,27,12,3,2,1,19,9,6.333333333333333,11,7,no
2,bookkeeper-server/src/main/java/org/apache/bookkeeper/client/CRC32DigestManager.java,55,13,12,1,0,1,9,9,9.0,5,5,no
2,bookkeeper-server/src/main/java/org/apache/bookkeeper/client/DigestManager.java,184,17,12,3,2,2,8,4,2.6666666666666665,3,2,no
2,bookkeeper-server/src/main/java/org/apache/bookkeeper/client/DistributionSchedule.java,65,22,12,1,1,1,13,13,13.0,4,4,no
2,bookkeeper-server/src/main/java/org/apache/bookkeeper/client/LedgerCreateOp.java,150,59,12,2,1,1,26,25,13.0,7,7,no
2,bookkeeper-server/src/main/java/org/apache/bookkeeper/client/LedgerDeleteOp.java,81,0,12,0,0,0,0,0,0.0,0,0,no
2,bookkeeper-server/src/main/java/org/apache/bookkeeper/client/LedgerEntry.java,84,0,12,0,0,0,0,0,0.0,0,0,no
2,bookkeeper-server/src/main/java/org/apache/bookkeeper/client/LedgerHandle.java,905,299,12,9,5,3,221,95,24.555555555555557,143,65,no
2,bookkeeper-server/src/main/java/org/apache/bookkeeper/client/LedgerMetadata.java,312,76,12,5,2,3,70,44,14.0,64,44,no
2,bookkeeper-server/src/main/java/org/apache/bookkeeper/client/LedgerOpenOp.java,171,8,12,1,0,1,5,5,5.0,2,2,no
2,bookkeeper-server/src/main/java/org/apache/bookkeeper/client/LedgerRecoveryOp.java,153,103,12,6,3,3,30,19,5.0,49,46,no
2,bookkeeper-server/src/main/java/org/apache/bookkeeper/client/MacDigestManager.java,84,35,12,1,0,1,26,26,26.0,17,17,no
2,bookkeeper-server/src/main/java/org/apache/bookkeeper/client/PendingAddOp.java,169,6,12,2,1,2,5,4,2.5,4,4,no
2,bookkeeper-server/src/main/java/org/apache/bookkeeper/client/PendingReadOp.java,189,18,12,3,1,2,17,15,5.666666666666667,16,15,no
2,bookkeeper-server/src/main/java/org/apache/bookkeeper/client/ReadLastConfirmedOp.java,127,94,12,5,3,2,59,37,11.8,24,14,no
2,bookkeeper-server/src/main/java/org/apache/bookkeeper/client/ReadOnlyLedgerHandle.java,79,3,12,1,1,1,2,2,2.0,1,1,no
2,bookkeeper-server/src/main/java/org/apache/bookkeeper/client/RoundRobinDistributionSchedule.java,90,47,12,1,1,1,25,25,25.0,3,3,no
2,bookkeeper-server/src/main/java/org/apache/bookkeeper/client/SyncCounter.java,85,0,12,0,0,0,0,0,0.0,0,0,no
2,bookkeeper-server/src/main/java/org/apache/bookkeeper/conf/AbstractConfiguration.java,113,12,12,2,1,2,10,10,5.0,10,9,no
2,bookkeeper-server/src/main/java/org/apache/bookkeeper/conf/ClientConfiguration.java,276,62,12,3,2,2,61,30,20.333333333333332,60,30,no
2,bookkeeper-server/src/main/java/org/apache/bookkeeper/conf/ServerConfiguration.java,549,192,12,6,4,2,182,110,30.333333333333332,182,110,no
2,bookkeeper-server/src/main/java/org/apache/bookkeeper/jmx/BKMBeanInfo.java,27,27,12,1,0,1,27,27,27.0,27,27,no
2,bookkeeper-server/src/main/java/org/apache/bookkeeper/jmx/BKMBeanRegistry.java,88,90,12,2,0,1,89,84,44.5,88,84,no
2,bookkeeper-server/src/main/java/org/apache/bookkeeper/meta/AbstractZkLedgerManager.java,283,42,12,4,3,3,36,23,9.0,30,23,no
2,bookkeeper-server/src/main/java/org/apache/bookkeeper/meta/FlatLedgerManager.java,175,42,12,2,2,2,12,7,6.0,24,21,no
2,bookkeeper-server/src/main/java/org/apache/bookkeeper/meta/HierarchicalLedgerManager.java,507,65,12,4,4,2,29,15,7.25,25,16,no
2,bookkeeper-server/src/main/java/org/apache/bookkeeper/meta/LedgerLayout.java,209,5,12,1,0,1,5,5,5.0,5,5,no
2,bookkeeper-server/src/main/java/org/apache/bookkeeper/meta/LedgerManager.java,147,7,12,1,1,1,5,5,5.0,3,3,no
2,bookkeeper-server/src/main/java/org/apache/bookkeeper/meta/LedgerManagerFactory.java,98,2,12,1,0,1,1,1,1.0,0,0,no
2,bookkeeper-server/src/main/java/org/apache/bookkeeper/meta/SnapshotMap.java,132,132,12,1,1,1,132,132,132.0,132,132,no
2,bookkeeper-server/src/main/java/org/apache/bookkeeper/proto/BKStats.java,236,236,12,1,0,1,236,236,236.0,236,236,no
2,bookkeeper-server/src/main/java/org/apache/bookkeeper/proto/BookieClient.java,227,52,12,3,2,2,49,26,16.333333333333332,46,26,no
2,bookkeeper-server/src/main/java/org/apache/bookkeeper/proto/BookieProtocol.java,172,22,12,3,2,2,20,10,6.666666666666667,18,8,no
2,bookkeeper-server/src/main/java/org/apache/bookkeeper/proto/BookieServer.java,507,192,12,9,4,2,153,61,17.0,114,59,no
2,bookkeeper-server/src/main/java/org/apache/bookkeeper/proto/BookieServerBean.java,90,90,12,1,0,1,90,90,90.0,90,90,no
2,bookkeeper-server/src/main/java/org/apache/bookkeeper/proto/BookieServerMXBean.java,58,58,12,1,0,1,58,58,58.0,58,58,no
2,bookkeeper-server/src/main/java/org/apache/bookkeeper/proto/BookkeeperInternalCallbacks.java,132,0,12,0,0,0,0,0,0.0,0,0,no
2,bookkeeper-server/src/main/java/org/apache/bookkeeper/proto/NIOServerFactory.java,529,22,12,4,0,1,9,5,2.25,4,3,no
2,bookkeeper-server/src/main/java/org/apache/bookkeeper/proto/PerChannelBookieClient.java,694,295,12,10,5,3,193,48,19.3,107,43,no
2,bookkeeper-server/src/main/java/org/apache/bookkeeper/proto/ServerStats.java,148,0,12,0,0,0,0,0,0.0,0,0,no
2,bookkeeper-server/src/main/java/org/apache/bookkeeper/streaming/LedgerInputStream.java,174,0,12,0,0,0,0,0,0.0,0,0,no
2,bookkeeper-server/src/main/java/org/apache/bookkeeper/streaming/LedgerOutputStream.java,148,0,12,0,0,0,0,0,0.0,0,0,no
2,bookkeeper-server/src/main/java/org/apache/bookkeeper/tools/BookKeeperTools.java,92,4,12,1,0,1,2,2,2.0,0,0,no
2,bookkeeper-server/src/main/java/org/apache/bookkeeper/util/HardLink.java,664,667,12,2,0,1,666,665,333.0,665,665,no
2,bookkeeper-server/src/main/java/org/apache/bookkeeper/util/IOUtils.java,55,55,12,1,0,1,55,55,55.0,55,55,no
2,bookkeeper-server/src/main/java/org/apache/bookkeeper/util/LocalBookKeeper.java,256,64,12,3,1,2,43,33,14.333333333333334,22,19,no
2,bookkeeper-server/src/main/java/org/apache/bookkeeper/util/Main.java,54,0,12,0,0,0,0,0,0.0,0,0,no
2,bookkeeper-server/src/main/java/org/apache/bookkeeper/util/MathUtils.java,38,0,12,0,0,0,0,0,0.0,0,0,no
2,bookkeeper-server/src/main/java/org/apache/bookkeeper/util/OrderedSafeExecutor.java,98,0,12,0,0,0,0,0,0.0,0,0,no
2,bookkeeper-server/src/main/java/org/apache/bookkeeper/util/SafeRunnable.java,39,0,12,0,0,0,0,0,0.0,0,0,no
2,bookkeeper-server/src/main/java/org/apache/bookkeeper/util/StringUtils.java,69,0,12,0,0,0,0,0,0.0,0,0,no
2,bookkeeper-server/src/main/java/org/apache/bookkeeper/util/ZkUtils.java,94,0,12,0,0,0,0,0,0.0,0,0,no
2,hedwig-client/src/main/java/org/apache/hedwig/client/HedwigClient.java,72,0,12,0,0,0,0,0,0.0,0,0,no
2,hedwig-client/src/main/java/org/apache/hedwig/client/api/Client.java,42,0,12,0,0,0,0,0,0.0,0,0,no
2,hedwig-client/src/main/java/org/apache/hedwig/client/api/MessageHandler.java,48,0,12,0,0,0,0,0,0.0,0,0,no
2,hedwig-client/src/main/java/org/apache/hedwig/client/api/Publisher.java,63,0,12,0,0,0,0,0,0.0,0,0,no
2,hedwig-client/src/main/java/org/apache/hedwig/client/api/Subscriber.java,318,91,12,3,0,2,86,47,28.666666666666668,81,47,no
2,hedwig-client/src/main/java/org/apache/hedwig/client/benchmark/BenchmarkPublisher.java,136,3,12,1,0,1,3,3,3.0,3,3,no
2,hedwig-client/src/main/java/org/apache/hedwig/client/benchmark/BenchmarkSubscriber.java,141,4,12,1,0,1,4,4,4.0,4,4,no
2,hedwig-client/src/main/java/org/apache/hedwig/client/benchmark/BenchmarkUtils.java,190,17,12,1,0,1,15,15,15.0,13,13,no
2,hedwig-client/src/main/java/org/apache/hedwig/client/benchmark/BenchmarkWorker.java,46,0,12,0,0,0,0,0,0.0,0,0,no
2,hedwig-client/src/main/java/org/apache/hedwig/client/benchmark/HedwigBenchmark.java,165,81,12,1,0,1,59,59,59.0,37,37,no
2,hedwig-client/src/main/java/org/apache/hedwig/client/conf/ClientConfiguration.java,162,13,12,1,0,1,13,13,13.0,13,13,no
2,hedwig-client/src/main/java/org/apache/hedwig/client/data/MessageConsumeData.java,58,0,12,0,0,0,0,0,0.0,0,0,no
2,hedwig-client/src/main/java/org/apache/hedwig/client/data/PubSubData.java,148,19,12,1,0,1,9,9,9.0,1,1,no
2,hedwig-client/src/main/java/org/apache/hedwig/client/data/TopicSubscriber.java,74,0,12,0,0,0,0,0,0.0,0,0,no
2,hedwig-client/src/main/java/org/apache/hedwig/client/exceptions/AlreadyStartDeliveryException.java,36,36,12,1,0,1,36,36,36.0,36,36,no
2,hedwig-client/src/main/java/org/apache/hedwig/client/exceptions/InvalidSubscriberIdException.java,37,0,12,0,0,0,0,0,0.0,0,0,no
2,hedwig-client/src/main/java/org/apache/hedwig/client/exceptions/ServerRedirectLoopException.java,38,0,12,0,0,0,0,0,0.0,0,0,no
2,hedwig-client/src/main/java/org/apache/hedwig/client/exceptions/TooManyServerRedirectsException.java,39,0,12,0,0,0,0,0,0.0,0,0,no
2,hedwig-client/src/main/java/org/apache/hedwig/client/handlers/MessageConsumeCallback.java,96,0,12,0,0,0,0,0,0.0,0,0,no
2,hedwig-client/src/main/java/org/apache/hedwig/client/handlers/PubSubCallback.java,88,0,12,0,0,0,0,0,0.0,0,0,no
2,hedwig-client/src/main/java/org/apache/hedwig/client/handlers/PublishResponseHandler.java,71,0,12,0,0,0,0,0,0.0,0,0,no
2,hedwig-client/src/main/java/org/apache/hedwig/client/handlers/SubscribeReconnectCallback.java,114,28,12,1,0,1,14,14,14.0,0,0,no
2,hedwig-client/src/main/java/org/apache/hedwig/client/handlers/SubscribeResponseHandler.java,342,78,12,1,0,1,42,42,42.0,6,6,no
2,hedwig-client/src/main/java/org/apache/hedwig/client/handlers/UnsubscribeResponseHandler.java,84,0,12,0,0,0,0,0,0.0,0,0,no
2,hedwig-client/src/main/java/org/apache/hedwig/client/netty/ClientChannelPipelineFactory.java,58,0,12,0,0,0,0,0,0.0,0,0,no
2,hedwig-client/src/main/java/org/apache/hedwig/client/netty/ConnectCallback.java,129,8,12,1,1,1,7,7,7.0,6,6,no
2,hedwig-client/src/main/java/org/apache/hedwig/client/netty/HedwigClientImpl.java,363,16,12,1,1,1,5,5,5.0,6,6,no
2,hedwig-client/src/main/java/org/apache/hedwig/client/netty/HedwigPublisher.java,242,13,12,1,1,1,12,12,12.0,11,11,no
2,hedwig-client/src/main/java/org/apache/hedwig/client/netty/HedwigSubscriber.java,682,144,12,4,1,1,120,38,30.0,96,37,no
2,hedwig-client/src/main/java/org/apache/hedwig/client/netty/ResponseHandler.java,366,2,12,1,0,1,1,1,1.0,0,0,no
2,hedwig-client/src/main/java/org/apache/hedwig/client/netty/WriteCallback.java,103,6,12,1,1,1,5,5,5.0,4,4,no
2,hedwig-client/src/main/java/org/apache/hedwig/client/ssl/SslClientContextFactory.java,41,0,12,0,0,0,0,0,0.0,0,0,no
2,hedwig-client/src/main/java/org/apache/hedwig/client/ssl/SslContextFactory.java,66,0,12,0,0,0,0,0,0.0,0,0,no
2,hedwig-client/src/main/java/org/apache/hedwig/conf/AbstractConfiguration.java,63,9,12,1,0,1,9,9,9.0,9,9,no
2,hedwig-client/src/main/java/org/apache/hedwig/util/Callback.java,47,0,12,0,0,0,0,0,0.0,0,0,no
2,hedwig-client/src/main/java/org/apache/hedwig/util/CallbackUtils.java,183,0,12,0,0,0,0,0,0.0,0,0,no
2,hedwig-client/src/main/java/org/apache/hedwig/util/ConcurrencyUtils.java,49,0,12,0,0,0,0,0,0.0,0,0,no
2,hedwig-client/src/main/java/org/apache/hedwig/util/Either.java,50,0,12,0,0,0,0,0,0.0,0,0,no
2,hedwig-client/src/main/java/org/apache/hedwig/util/FileUtils.java,98,0,12,0,0,0,0,0,0.0,0,0,no
2,hedwig-client/src/main/java/org/apache/hedwig/util/HedwigSocketAddress.java,143,5,12,1,0,1,5,5,5.0,5,5,no
2,hedwig-client/src/main/java/org/apache/hedwig/util/Option.java,43,0,12,0,0,0,0,0,0.0,0,0,no
2,hedwig-client/src/main/java/org/apache/hedwig/util/Pair.java,42,0,12,0,0,0,0,0,0.0,0,0,no
2,hedwig-client/src/main/java/org/apache/hedwig/util/PathUtils.java,56,6,12,1,0,1,3,3,3.0,0,0,no
2,hedwig-protocol/src/main/java/org/apache/hedwig/exceptions/PubSubException.java,162,0,12,0,0,0,0,0,0.0,0,0,no
2,hedwig-protocol/src/main/java/org/apache/hedwig/protocol/PubSubProtocol.java,6523,12852,12,1,0,1,6504,6504,6504.0,156,156,no
2,hedwig-protocol/src/main/java/org/apache/hedwig/protoextensions/MessageIdUtils.java,153,0,12,0,0,0,0,0,0.0,0,0,no
2,hedwig-protocol/src/main/java/org/apache/hedwig/protoextensions/PubSubResponseUtils.java,43,2,12,1,0,1,1,1,1.0,0,0,no
2,hedwig-protocol/src/main/java/org/apache/hedwig/protoextensions/SubscriptionStateUtils.java,41,0,12,0,0,0,0,0,0.0,0,0,no
2,hedwig-server/src/main/java/org/apache/hedwig/admin/HedwigAdmin.java,400,414,12,3,0,2,407,397,135.66666666666666,400,397,no
2,hedwig-server/src/main/java/org/apache/hedwig/admin/console/HedwigCommands.java,425,431,12,2,0,1,428,424,214.0,425,424,no
2,hedwig-server/src/main/java/org/apache/hedwig/admin/console/HedwigConsole.java,1041,1073,12,2,0,1,1057,1029,528.5,1041,1029,no
2,hedwig-server/src/main/java/org/apache/hedwig/admin/console/JLineHedwigCompletor.java,92,92,12,1,0,1,92,92,92.0,92,92,no
2,hedwig-server/src/main/java/org/apache/hedwig/admin/console/ReadTopic.java,355,359,12,2,0,1,357,357,178.5,359,357,no
2,hedwig-server/src/main/java/org/apache/hedwig/server/benchmark/AbstractBenchmark.java,105,0,12,0,0,0,0,0,0.0,0,0,no
2,hedwig-server/src/main/java/org/apache/hedwig/server/benchmark/BookieBenchmark.java,105,0,12,0,0,0,0,0,0.0,0,0,no
2,hedwig-server/src/main/java/org/apache/hedwig/server/benchmark/BookkeeperBenchmark.java,92,0,12,0,0,0,0,0,0.0,0,0,no
2,hedwig-server/src/main/java/org/apache/hedwig/server/benchmark/FakeBookie.java,101,0,12,0,0,0,0,0,0.0,0,0,no
2,hedwig-server/src/main/java/org/apache/hedwig/server/common/ByteStringInterner.java,45,0,12,0,0,0,0,0,0.0,0,0,no
2,hedwig-server/src/main/java/org/apache/hedwig/server/common/ServerConfiguration.java,299,14,12,2,0,1,12,8,6.0,10,8,no
2,hedwig-server/src/main/java/org/apache/hedwig/server/common/TerminateJVMExceptionHandler.java,32,2,12,1,0,1,1,1,1.0,0,0,no
2,hedwig-server/src/main/java/org/apache/hedwig/server/common/TopicOpQueuer.java,111,0,12,0,0,0,0,0,0.0,0,0,no
2,hedwig-server/src/main/java/org/apache/hedwig/server/common/UnexpectedError.java,35,0,12,0,0,0,0,0,0.0,0,0,no
2,hedwig-server/src/main/java/org/apache/hedwig/server/delivery/ChannelEndPoint.java,85,4,12,1,0,1,4,4,4.0,4,4,no
2,hedwig-server/src/main/java/org/apache/hedwig/server/delivery/DeliveryCallback.java,27,0,12,0,0,0,0,0,0.0,0,0,no
2,hedwig-server/src/main/java/org/apache/hedwig/server/delivery/DeliveryEndPoint.java,28,0,12,0,0,0,0,0,0.0,0,0,no
2,hedwig-server/src/main/java/org/apache/hedwig/server/delivery/DeliveryManager.java,36,7,12,2,0,1,7,5,3.5,7,5,no
2,hedwig-server/src/main/java/org/apache/hedwig/server/delivery/FIFODeliveryManager.java,574,14,12,2,0,1,11,8,5.5,8,5,no
2,hedwig-server/src/main/java/org/apache/hedwig/server/handlers/BaseHandler.java,67,3,12,1,0,1,3,3,3.0,3,3,no
2,hedwig-server/src/main/java/org/apache/hedwig/server/handlers/ChannelDisconnectListener.java,29,0,12,0,0,0,0,0,0.0,0,0,no
2,hedwig-server/src/main/java/org/apache/hedwig/server/handlers/ConsumeHandler.java,72,8,12,1,0,1,8,8,8.0,8,8,no
2,hedwig-server/src/main/java/org/apache/hedwig/server/handlers/Handler.java,37,0,12,0,0,0,0,0,0.0,0,0,no
2,hedwig-server/src/main/java/org/apache/hedwig/server/handlers/NettyHandlerBean.java,51,53,12,2,0,1,52,51,26.0,51,51,no
2,hedwig-server/src/main/java/org/apache/hedwig/server/handlers/NettyHandlerMXBean.java,31,31,12,1,0,1,31,31,31.0,31,31,no
2,hedwig-server/src/main/java/org/apache/hedwig/server/handlers/PublishHandler.java,77,9,12,1,0,1,9,9,9.0,9,9,no
2,hedwig-server/src/main/java/org/apache/hedwig/server/handlers/SubscribeHandler.java,168,14,12,1,0,1,14,14,14.0,14,14,no
2,hedwig-server/src/main/java/org/apache/hedwig/server/handlers/UnsubscribeHandler.java,81,11,12,1,0,1,10,10,10.0,9,9,no
2,hedwig-server/src/main/java/org/apache/hedwig/server/jmx/HedwigJMXService.java,37,37,12,1,0,1,37,37,37.0,37,37,no
2,hedwig-server/src/main/java/org/apache/hedwig/server/jmx/HedwigMBeanInfo.java,27,27,12,1,0,1,27,27,27.0,27,27,no
2,hedwig-server/src/main/java/org/apache/hedwig/server/jmx/HedwigMBeanRegistry.java,48,48,12,1,0,1,48,48,48.0,48,48,no
2,hedwig-server/src/main/java/org/apache/hedwig/server/netty/PubSubServer.java,436,107,12,3,0,1,79,53,26.333333333333332,67,53,no
2,hedwig-server/src/main/java/org/apache/hedwig/server/netty/PubSubServerBean.java,77,77,12,1,0,1,77,77,77.0,77,77,no
2,hedwig-server/src/main/java/org/apache/hedwig/server/netty/PubSubServerMXBean.java,63,63,12,1,0,1,63,63,63.0,63,63,no
2,hedwig-server/src/main/java/org/apache/hedwig/server/netty/PubSubServerPipelineFactory.java,76,0,12,0,0,0,0,0,0.0,0,0,no
2,hedwig-server/src/main/java/org/apache/hedwig/server/netty/ServerStats.java,191,195,12,2,0,1,193,190,96.5,191,190,no
2,hedwig-server/src/main/java/org/apache/hedwig/server/netty/UmbrellaHandler.java,160,1,12,1,0,1,1,1,1.0,1,1,no
2,hedwig-server/src/main/java/org/apache/hedwig/server/persistence/BookkeeperPersistenceManager.java,906,245,12,3,0,1,207,165,69.0,169,131,no
2,hedwig-server/src/main/java/org/apache/hedwig/server/persistence/CacheKey.java,74,0,12,0,0,0,0,0,0.0,0,0,no
2,hedwig-server/src/main/java/org/apache/hedwig/server/persistence/CacheValue.java,94,0,12,0,0,0,0,0,0.0,0,0,no
2,hedwig-server/src/main/java/org/apache/hedwig/server/persistence/Factory.java,22,0,12,0,0,0,0,0,0.0,0,0,no
2,hedwig-server/src/main/java/org/apache/hedwig/server/persistence/LocalDBPersistenceManager.java,481,70,12,2,0,1,62,50,31.0,54,42,no
2,hedwig-server/src/main/java/org/apache/hedwig/server/persistence/MapMethods.java,62,0,12,0,0,0,0,0,0.0,0,0,no
2,hedwig-server/src/main/java/org/apache/hedwig/server/persistence/PersistRequest.java,58,0,12,0,0,0,0,0,0.0,0,0,no
2,hedwig-server/src/main/java/org/apache/hedwig/server/persistence/PersistenceManager.java,94,3,12,1,0,1,3,3,3.0,3,3,no
2,hedwig-server/src/main/java/org/apache/hedwig/server/persistence/PersistenceManagerWithRangeScan.java,27,0,12,0,0,0,0,0,0.0,0,0,no
2,hedwig-server/src/main/java/org/apache/hedwig/server/persistence/RangeScanRequest.java,77,0,12,0,0,0,0,0,0.0,0,0,no
2,hedwig-server/src/main/java/org/apache/hedwig/server/persistence/ReadAheadCache.java,744,46,12,3,0,1,43,29,14.333333333333334,40,28,no
2,hedwig-server/src/main/java/org/apache/hedwig/server/persistence/ReadAheadCacheBean.java,64,64,12,1,0,1,64,64,64.0,64,64,no
2,hedwig-server/src/main/java/org/apache/hedwig/server/persistence/ReadAheadCacheMXBean.java,45,45,12,1,0,1,45,45,45.0,45,45,no
2,hedwig-server/src/main/java/org/apache/hedwig/server/persistence/ScanCallback.java,63,0,12,0,0,0,0,0,0.0,0,0,no
2,hedwig-server/src/main/java/org/apache/hedwig/server/persistence/ScanCallbackWithContext.java,37,0,12,0,0,0,0,0,0.0,0,0,no
2,hedwig-server/src/main/java/org/apache/hedwig/server/persistence/ScanRequest.java,64,0,12,0,0,0,0,0,0.0,0,0,no
2,hedwig-server/src/main/java/org/apache/hedwig/server/proxy/ChannelTracker.java,124,0,12,0,0,0,0,0,0.0,0,0,no
2,hedwig-server/src/main/java/org/apache/hedwig/server/proxy/HedwigProxy.java,172,30,12,2,0,1,21,11,10.5,12,10,no
2,hedwig-server/src/main/java/org/apache/hedwig/server/proxy/ProxyConfiguration.java,36,4,12,1,0,1,2,2,2.0,0,0,no
2,hedwig-server/src/main/java/org/apache/hedwig/server/proxy/ProxyConsumeHandler.java,58,0,12,0,0,0,0,0,0.0,0,0,no
2,hedwig-server/src/main/java/org/apache/hedwig/server/proxy/ProxyPublishHander.java,62,0,12,0,0,0,0,0,0.0,0,0,no
2,hedwig-server/src/main/java/org/apache/hedwig/server/proxy/ProxyStartDeliveryHandler.java,132,6,12,1,0,1,4,4,4.0,2,2,no
2,hedwig-server/src/main/java/org/apache/hedwig/server/proxy/ProxyStopDeliveryHandler.java,74,2,12,1,0,1,1,1,1.0,0,0,no
2,hedwig-server/src/main/java/org/apache/hedwig/server/proxy/ProxySubscribeHandler.java,83,0,12,0,0,0,0,0,0.0,0,0,no
2,hedwig-server/src/main/java/org/apache/hedwig/server/proxy/ProxyUnsubscribeHandler.java,74,0,12,0,0,0,0,0,0.0,0,0,no
2,hedwig-server/src/main/java/org/apache/hedwig/server/regions/HedwigHubClient.java,48,0,12,0,0,0,0,0,0.0,0,0,no
2,hedwig-server/src/main/java/org/apache/hedwig/server/regions/HedwigHubClientFactory.java,60,0,12,0,0,0,0,0,0.0,0,0,no
2,hedwig-server/src/main/java/org/apache/hedwig/server/regions/HedwigHubSubscriber.java,86,20,12,1,0,1,18,18,18.0,16,16,no
2,hedwig-server/src/main/java/org/apache/hedwig/server/regions/RegionManager.java,355,334,12,3,0,1,253,241,84.33333333333333,186,174,no
2,hedwig-server/src/main/java/org/apache/hedwig/server/ssl/SslServerContextFactory.java,53,0,12,0,0,0,0,0,0.0,0,0,no
2,hedwig-server/src/main/java/org/apache/hedwig/server/subscriptions/AbstractSubscriptionManager.java,612,210,12,4,0,1,185,98,46.25,160,92,no
2,hedwig-server/src/main/java/org/apache/hedwig/server/subscriptions/AllToAllTopologyFilter.java,39,0,12,0,0,0,0,0,0.0,0,0,no
2,hedwig-server/src/main/java/org/apache/hedwig/server/subscriptions/InMemorySubscriptionManager.java,78,0,12,0,0,0,0,0,0.0,0,0,no
2,hedwig-server/src/main/java/org/apache/hedwig/server/subscriptions/InMemorySubscriptionState.java,85,27,12,1,0,1,24,24,24.0,21,21,no
2,hedwig-server/src/main/java/org/apache/hedwig/server/subscriptions/MessageFilter.java,31,0,12,0,0,0,0,0,0.0,0,0,no
2,hedwig-server/src/main/java/org/apache/hedwig/server/subscriptions/SubscriptionEventListener.java,57,0,12,0,0,0,0,0,0.0,0,0,no
2,hedwig-server/src/main/java/org/apache/hedwig/server/subscriptions/SubscriptionManager.java,108,4,12,1,0,1,4,4,4.0,4,4,no
2,hedwig-server/src/main/java/org/apache/hedwig/server/subscriptions/TrueFilter.java,32,2,12,1,0,1,1,1,1.0,0,0,no
2,hedwig-server/src/main/java/org/apache/hedwig/server/subscriptions/ZkSubscriptionManager.java,227,0,12,0,0,0,0,0,0.0,0,0,no
2,hedwig-server/src/main/java/org/apache/hedwig/server/topics/AbstractTopicManager.java,201,4,12,1,0,1,4,4,4.0,4,4,no
2,hedwig-server/src/main/java/org/apache/hedwig/server/topics/TopicManager.java,80,5,12,1,0,1,5,5,5.0,5,5,no
2,hedwig-server/src/main/java/org/apache/hedwig/server/topics/TopicOwnershipChangeListener.java,28,0,12,0,0,0,0,0,0.0,0,0,no
2,hedwig-server/src/main/java/org/apache/hedwig/server/topics/TrivialOwnAllTopicManager.java,57,5,12,1,0,1,5,5,5.0,5,5,no
2,hedwig-server/src/main/java/org/apache/hedwig/server/topics/ZkTopicManager.java,446,19,12,2,0,1,18,17,9.0,17,17,no
2,hedwig-server/src/main/java/org/apache/hedwig/zookeeper/SafeAsynBKCallback.java,103,0,12,0,0,0,0,0,0.0,0,0,no
2,hedwig-server/src/main/java/org/apache/hedwig/zookeeper/SafeAsyncCallback.java,35,2,12,1,0,1,1,1,1.0,0,0,no
2,hedwig-server/src/main/java/org/apache/hedwig/zookeeper/SafeAsyncZKCallback.java,98,0,12,0,0,0,0,0,0.0,0,0,no
2,hedwig-server/src/main/java/org/apache/hedwig/zookeeper/ZkUtils.java,79,0,12,0,0,0,0,0,0.0,0,0,no
